UID,iso2,iso3,code3,FIPS,Admin2,Province_State,Country_Region,Lat,Long_,Combined_Key,1/22/20,1/23/20,1/24/20,1/25/20,1/26/20,1/27/20,1/28/20,1/29/20,1/30/20,1/31/20,2002/1/20,2002/2/20,2002/3/20,2002/4/20,2002/5/20
84001001,US,USA,840,1001,Autauga,Alabama,US,32.53952745,-86.64408227,"Autauga, Alabama, US",0,0,0,0,0,0,0,0,0,0,0,0,0,0,0
84001003,US,USA,840,1003,Baldwin,Alabama,US,30.72774991,-87.72207058,"Baldwin, Alabama, US",0,0,0,0,0,0,0,0,0,0,0,0,0,0,0
84001005,US,USA,840,1005,Barbour,Alabama,US,31.868263,-85.3871286,"Barbour, Alabama, US",0,0,0,0,0,0,0,0,0,0,0,0,0,0,0
84001007,US,USA,840,1007,Bibb,Alabama,US,32.99642064,-87.1251146,"Bibb, Alabama, US",0,0,0,0,0,0,0,0,0,0,0,0,0,0,0
84001009,US,USA,840,1009,Blount,Alabama,US,33.98210918,-86.56790593,"Blount, Alabama, US",0,0,0,0,0,0,0,0,0,0,0,0,0,0,0
84001011,US,USA,840,1011,Bullock,Alabama,US,32.10030533,-85.71265535,"Bullock, Alabama, US",0,0,0,0,0,0,0,0,0,0,0,0,0,0,0
84001013,US,USA,840,1013,Butler,Alabama,US,31.75300095,-86.68057478,"Butler, Alabama, US",0,0,0,0,0,0,0,0,0,0,0,0,0,0,0
84001015,US,USA,840,1015,Calhoun,Alabama,US,33.77483727,-85.82630386,"Calhoun, Alabama, US",0,0,0,0,0,0,0,0,0,0,0,0,0,0,0
84001017,US,USA,840,1017,Chambers,Alabama,US,32.91360079,-85.39072749,"Chambers, Alabama, US",0,0,0,0,0,0,0,0,0,0,0,0,0,0,0
84001019,US,USA,840,1019,Cherokee,Alabama,US,34.17805983,-85.60638968,"Cherokee, Alabama, US",0,0,0,0,0,0,0,0,0,0,0,0,0,0,0
84001021,US,USA,840,1021,Chilton,Alabama,US,32.85044126,-86.7173256,"Chilton, Alabama, US",0,0,0,0,0,0,0,0,0,0,0,0,0,0,0
84001023,US,USA,840,1023,Choctaw,Alabama,US,32.02227341,-88.2656443,"Choctaw, Alabama, US",0,0,0,0,0,0,0,0,0,0,0,0,0,0,0
84001025,US,USA,840,1025,Clarke,Alabama,US,31.68099859,-87.83548597,"Clarke, Alabama, US",0,0,0,0,0,0,0,0,0,0,0,0,0,0,0
84001027,US,USA,840,1027,Clay,Alabama,US,33.26984193,-85.85836077,"Clay, Alabama, US",0,0,0,0,0,0,0,0,0,0,0,0,0,0,0
84001029,US,USA,840,1029,Cleburne,Alabama,US,33.67679204,-85.52005899,"Cleburne, Alabama, US",0,0,0,0,0,0,0,0,0,0,0,0,0,0,0
84001031,US,USA,840,1031,Coffee,Alabama,US,31.39932826,-85.98901039,"Coffee, Alabama, US",0,0,0,0,0,0,0,0,0,0,0,0,0,0,0
84001033,US,USA,840,1033,Colbert,Alabama,US,34.69847452,-87.80168544,"Colbert, Alabama, US",0,0,0,0,0,0,0,0,0,0,0,0,0,0,0
84001035,US,USA,840,1035,Conecuh,Alabama,US,31.43401703,-86.99320044,"Conecuh, Alabama, US",0,0,0,0,0,0,0,0,0,0,0,0,0,0,0
84001037,US,USA,840,1037,Coosa,Alabama,US,32.93690146,-86.24847739,"Coosa, Alabama, US",0,0,0,0,0,0,0,0,0,0,0,0,0,0,0
84001039,US,USA,840,1039,Covington,Alabama,US,31.2477854,-86.45050893,"Covington, Alabama, US",0,0,0,0,0,0,0,0,0,0,0,0,0,0,0
84001041,US,USA,840,1041,Crenshaw,Alabama,US,31.72941803,-86.31593104,"Crenshaw, Alabama, US",0,0,0,0,0,0,0,0,0,0,0,0,0,0,0
84001043,US,USA,840,1043,Cullman,Alabama,US,34.13020303,-86.86888037,"Cullman, Alabama, US",0,0,0,0,0,0,0,0,0,0,0,0,0,0,0
84001045,US,USA,840,1045,Dale,Alabama,US,31.43037123,-85.61095742,"Dale, Alabama, US",0,0,0,0,0,0,0,0,0,0,0,0,0,0,0
84001047,US,USA,840,1047,Dallas,Alabama,US,32.32688101,-87.1086671,"Dallas, Alabama, US",0,0,0,0,0,0,0,0,0,0,0,0,0,0,0
84001049,US,USA,840,1049,DeKalb,Alabama,US,34.45946862,-85.80782906,"DeKalb, Alabama, US",0,0,0,0,0,0,0,0,0,0,0,0,0,0,0
84001051,US,USA,840,1051,Elmore,Alabama,US,32.59785413,-86.14415284,"Elmore, Alabama, US",0,0,0,0,0,0,0,0,0,0,0,0,0,0,0
84001053,US,USA,840,1053,Escambia,Alabama,US,31.1256789,-87.15918694,"Escambia, Alabama, US",0,0,0,0,0,0,0,0,0,0,0,0,0,0,0
84001055,US,USA,840,1055,Etowah,Alabama,US,34.04567266,-86.04051873,"Etowah, Alabama, US",0,0,0,0,0,0,0,0,0,0,0,0,0,0,0
84001057,US,USA,840,1057,Fayette,Alabama,US,33.72076938,-87.73886638,"Fayette, Alabama, US",0,0,0,0,0,0,0,0,0,0,0,0,0,0,0
84001059,US,USA,840,1059,Franklin,Alabama,US,34.44235334,-87.84289505,"Franklin, Alabama, US",0,0,0,0,0,0,0,0,0,0,0,0,0,0,0
84001061,US,USA,840,1061,Geneva,Alabama,US,31.09389027,-85.83572839,"Geneva, Alabama, US",0,0,0,0,0,0,0,0,0,0,0,0,0,0,0
84001063,US,USA,840,1063,Greene,Alabama,US,32.85504247,-87.95684022,"Greene, Alabama, US",0,0,0,0,0,0,0,0,0,0,0,0,0,0,0
84001065,US,USA,840,1065,Hale,Alabama,US,32.76039258,-87.63284988,"Hale, Alabama, US",0,0,0,0,0,0,0,0,0,0,0,0,0,0,0
84001067,US,USA,840,1067,Henry,Alabama,US,31.51148016,-85.24267944,"Henry, Alabama, US",0,0,0,0,0,0,0,0,0,0,0,0,0,0,0
84001069,US,USA,840,1069,Houston,Alabama,US,31.15197924,-85.29939599,"Houston, Alabama, US",0,0,0,0,0,0,0,0,0,0,0,0,0,0,0
84001071,US,USA,840,1071,Jackson,Alabama,US,34.78144169,-85.99750489,"Jackson, Alabama, US",0,0,0,0,0,0,0,0,0,0,0,0,0,0,0
84001073,US,USA,840,1073,Jefferson,Alabama,US,33.55554728,-86.895063,"Jefferson, Alabama, US",0,0,0,0,0,0,0,0,0,0,0,0,0,0,0
84001075,US,USA,840,1075,Lamar,Alabama,US,33.77995024,-88.09668032,"Lamar, Alabama, US",0,0,0,0,0,0,0,0,0,0,0,0,0,0,0
84001077,US,USA,840,1077,Lauderdale,Alabama,US,34.90171875,-87.65624729,"Lauderdale, Alabama, US",0,0,0,0,0,0,0,0,0,0,0,0,0,0,0
84001079,US,USA,840,1079,Lawrence,Alabama,US,34.52041498,-87.31069453,"Lawrence, Alabama, US",0,0,0,0,0,0,0,0,0,0,0,0,0,0,0
84001081,US,USA,840,1081,Lee,Alabama,US,32.60154883,-85.35132246,"Lee, Alabama, US",0,0,0,0,0,0,0,0,0,0,0,0,0,0,0
84001083,US,USA,840,1083,Limestone,Alabama,US,34.81185586,-86.98310072,"Limestone, Alabama, US",0,0,0,0,0,0,0,0,0,0,0,0,0,0,0
84001085,US,USA,840,1085,Lowndes,Alabama,US,32.1597283,-86.65158371,"Lowndes, Alabama, US",0,0,0,0,0,0,0,0,0,0,0,0,0,0,0
84001087,US,USA,840,1087,Macon,Alabama,US,32.38759944,-85.69267724,"Macon, Alabama, US",0,0,0,0,0,0,0,0,0,0,0,0,0,0,0
84001089,US,USA,840,1089,Madison,Alabama,US,34.76327133,-86.55069633,"Madison, Alabama, US",0,0,0,0,0,0,0,0,0,0,0,0,0,0,0
84001091,US,USA,840,1091,Marengo,Alabama,US,32.24767634,-87.78796182,"Marengo, Alabama, US",0,0,0,0,0,0,0,0,0,0,0,0,0,0,0
84001093,US,USA,840,1093,Marion,Alabama,US,34.13697363,-87.88704173,"Marion, Alabama, US",0,0,0,0,0,0,0,0,0,0,0,0,0,0,0
84001095,US,USA,840,1095,Marshall,Alabama,US,34.36975964,-86.30486727,"Marshall, Alabama, US",0,0,0,0,0,0,0,0,0,0,0,0,0,0,0
84001097,US,USA,840,1097,Mobile,Alabama,US,30.78472347,-88.20842409,"Mobile, Alabama, US",0,0,0,0,0,0,0,0,0,0,0,0,0,0,0
